<?xml version="1.0" encoding="UTF-8"?>
<project-private xmlns="http://www.netbeans.org/ns/project-private/1">
    <editor-bookmarks xmlns="http://www.netbeans.org/ns/editor-bookmarks/1"/>
    <editor-bookmarks xmlns="http://www.netbeans.org/ns/editor-bookmarks/2" lastBookmarkId="0"/>
    <open-files xmlns="http://www.netbeans.org/ns/projectui-open-files/2">
        <group>
            <file>file:/C:/Users/USER/Downloads/CekHargaTiket/CekHargaTiket/src/agenperjalanan/UIRutePerjalanan.java</file>
            <file>file:/C:/Users/USER/Downloads/CekHargaTiket/CekHargaTiket/src/agenperjalanan/ModelMaskapai.java</file>
            <file>file:/C:/Users/USER/Downloads/CekHargaTiket/CekHargaTiket/src/agenperjalanan/ModelRute.java</file>
            <file>file:/C:/Users/USER/Downloads/CekHargaTiket/CekHargaTiket/src/agenperjalanan/AgenPerjalanan.java</file>
        </group>
    </open-files>
</project-private>
