<?xml version="1.0" encoding="UTF-8"?>
<project-private xmlns="http://www.netbeans.org/ns/project-private/1">
    <editor-bookmarks xmlns="http://www.netbeans.org/ns/editor-bookmarks/2" lastBookmarkId="0"/>
    <open-files xmlns="http://www.netbeans.org/ns/projectui-open-files/2">
        <group>
            <file>file:/D:/181103424_VickyAlexandraWidi/AplikasiPerpustakaan/src/aplikasiperpustakaan/Form_Perpustakaan.java</file>
            <file>file:/D:/181103424_VickyAlexandraWidi/AplikasiPerpustakaan/src/aplikasiperpustakaan/form_entry_mahasiswa.java</file>
            <file>file:/D:/181103424_VickyAlexandraWidi/AplikasiPerpustakaan/src/aplikasiperpustakaan/Form_entry_buku.java</file>
            <file>file:/D:/181103424_VickyAlexandraWidi/AplikasiPerpustakaan/src/aplikasiperpustakaan/form_entry_peminjamanan.java</file>
            <file>file:/D:/181103424_VickyAlexandraWidi/AplikasiPerpustakaan/src/aplikasiperpustakaan/koneksi_2.java</file>
        </group>
    </open-files>
</project-private>
